question,answer,source,url,category,generated_date
How can I protect my organization from cyber threats?,Home  Privacy Policy Search for: Privacy Policy The California Governors Office of Emergency Services (Cal OES) is committed to promoting and protecting the privacy rights of individuals under state and federal law.,CalOES,https://www.caloes.ca.gov/privacy-policy/,protection,2025-07-21 18:36:41
What are California's cybersecurity best practices?,Home  Privacy Policy Search for: Privacy Policy The California Governors Office of Emergency Services (Cal OES) is committed to promoting and protecting the privacy rights of individuals under state and federal law.,CalOES,https://www.caloes.ca.gov/privacy-policy/,protection,2025-07-21 18:36:41
How can businesses improve their cybersecurity in California?,Home  Privacy Policy Search for: Privacy Policy The California Governors Office of Emergency Services (Cal OES) is committed to promoting and protecting the privacy rights of individuals under state and federal law.,CalOES,https://www.caloes.ca.gov/privacy-policy/,protection,2025-07-21 18:36:41
What can you tell me about Privacy Policy  California Governors Office of Emergency Services?,Home  Privacy Policy Search for: Privacy Policy The California Governors Office of Emergency Services (Cal OES) is committed to promoting and protecting the privacy rights of individuals under state and federal law.,CalOES,https://www.caloes.ca.gov/privacy-policy/,general,2025-07-21 18:36:41
What is {topic}?,Home  Cal OES Home Page  Active Incidents Search for: Active Incidents Under constructionThis section is under redesign and update process.,CalOES,https://www.caloes.ca.gov/cal-oes/active-incidents/,incident,2025-07-21 18:36:41
Can you explain {topic}?,Home  Cal OES Home Page  Active Incidents Search for: Active Incidents Under constructionThis section is under redesign and update process.,CalOES,https://www.caloes.ca.gov/cal-oes/active-incidents/,incident,2025-07-21 18:36:41
Tell me about {topic},Home  Cal OES Home Page  Active Incidents Search for: Active Incidents Under constructionThis section is under redesign and update process.,CalOES,https://www.caloes.ca.gov/cal-oes/active-incidents/,incident,2025-07-21 18:36:41
What can you tell me about Active Incidents  California Governors Office of Emergency Services?,Home  Cal OES Home Page  Active Incidents Search for: Active Incidents Under constructionThis section is under redesign and update process.,CalOES,https://www.caloes.ca.gov/cal-oes/active-incidents/,general,2025-07-21 18:36:41
What is cybersecurity?,"Home  Office of the Director  Operations  Homeland Security Search for: Homeland Security Our Homeland Security Mission We protect California by leveraging partnerships, bolstering capabilities, illuminating threats, sharing intelligence and advancing the Homeland Security Strategy.",CalOES,https://www.caloes.ca.gov/office-of-the-director/operations/homeland-security/,incident,2025-07-21 18:36:41
Can you explain threat assessment?,"Home  Office of the Director  Operations  Homeland Security Search for: Homeland Security Our Homeland Security Mission We protect California by leveraging partnerships, bolstering capabilities, illuminating threats, sharing intelligence and advancing the Homeland Security Strategy.",CalOES,https://www.caloes.ca.gov/office-of-the-director/operations/homeland-security/,incident,2025-07-21 18:36:41
Tell me about threat assessment,"Home  Office of the Director  Operations  Homeland Security Search for: Homeland Security Our Homeland Security Mission We protect California by leveraging partnerships, bolstering capabilities, illuminating threats, sharing intelligence and advancing the Homeland Security Strategy.",CalOES,https://www.caloes.ca.gov/office-of-the-director/operations/homeland-security/,incident,2025-07-21 18:36:41
What can you tell me about Homeland Security  California Governors Office of Emergency Services?,"Home  Office of the Director  Operations  Homeland Security Search for: Homeland Security Our Homeland Security Mission We protect California by leveraging partnerships, bolstering capabilities, illuminating threats, sharing intelligence and advancing the Homeland Security Strategy.",CalOES,https://www.caloes.ca.gov/office-of-the-director/operations/homeland-security/,general,2025-07-21 18:36:41
What is information security?,"Security The Office of Information Security (OIS) has responsibility and authority to: Create, issue, maintain and ensure compliance of IT security and privacy policies, standards, and procedures. Advise and consult with state entities to effectively manage risks.",CDT,https://cdt.ca.gov/security/,service,2025-07-21 18:36:41
Can you explain information security?,"Security The Office of Information Security (OIS) has responsibility and authority to: Create, issue, maintain and ensure compliance of IT security and privacy policies, standards, and procedures. Advise and consult with state entities to effectively manage risks.",CDT,https://cdt.ca.gov/security/,service,2025-07-21 18:36:41
Tell me about security awareness,"Security The Office of Information Security (OIS) has responsibility and authority to: Create, issue, maintain and ensure compliance of IT security and privacy policies, standards, and procedures. Advise and consult with state entities to effectively manage risks.",CDT,https://cdt.ca.gov/security/,service,2025-07-21 18:36:41
What can you tell me about Security - CDT?,"Security The Office of Information Security (OIS) has responsibility and authority to: Create, issue, maintain and ensure compliance of IT security and privacy policies, standards, and procedures. Advise and consult with state entities to effectively manage risks.",CDT,https://cdt.ca.gov/security/,general,2025-07-21 18:36:41
What is risk management?,Privacy Policy California Department of Technology Privacy Policy Effective Date: 05232017Last Reviewed Date: 6252025Last Revision Date: 6252025 The California Department of Technology (CDT) is established by Government Code sections 11545-11548.,CDT,https://cdt.ca.gov/privacy-policy/,service,2025-07-21 18:36:41
Can you explain risk management?,Privacy Policy California Department of Technology Privacy Policy Effective Date: 05232017Last Reviewed Date: 6252025Last Revision Date: 6252025 The California Department of Technology (CDT) is established by Government Code sections 11545-11548.,CDT,https://cdt.ca.gov/privacy-policy/,service,2025-07-21 18:36:41
Tell me about risk management,Privacy Policy California Department of Technology Privacy Policy Effective Date: 05232017Last Reviewed Date: 6252025Last Revision Date: 6252025 The California Department of Technology (CDT) is established by Government Code sections 11545-11548.,CDT,https://cdt.ca.gov/privacy-policy/,service,2025-07-21 18:36:41
What can you tell me about Privacy Policy - CDT?,Privacy Policy California Department of Technology Privacy Policy Effective Date: 05232017Last Reviewed Date: 6252025Last Revision Date: 6252025 The California Department of Technology (CDT) is established by Government Code sections 11545-11548.,CDT,https://cdt.ca.gov/privacy-policy/,general,2025-07-21 18:36:41
What is information security?,"Newsroom Back to Newsroom home June 2, 2025 How California is Centralizing Public Sector Cybersecurity Why it Matters: Cyber threats dont discriminate. From large state agencies to small-town departments, every public entity is a potential target.",CDT,https://cdt.ca.gov/newsroom/2025/06/how-california-is-centralizing-public-sector-cybersecurity/,service,2025-07-21 18:36:41
Can you explain cyber threats?,"Newsroom Back to Newsroom home June 2, 2025 How California is Centralizing Public Sector Cybersecurity Why it Matters: Cyber threats dont discriminate. From large state agencies to small-town departments, every public entity is a potential target.",CDT,https://cdt.ca.gov/newsroom/2025/06/how-california-is-centralizing-public-sector-cybersecurity/,service,2025-07-21 18:36:41
Tell me about information security,"Newsroom Back to Newsroom home June 2, 2025 How California is Centralizing Public Sector Cybersecurity Why it Matters: Cyber threats dont discriminate. From large state agencies to small-town departments, every public entity is a potential target.",CDT,https://cdt.ca.gov/newsroom/2025/06/how-california-is-centralizing-public-sector-cybersecurity/,service,2025-07-21 18:36:41
What can you tell me about How California is Centralizing Public Sector Cybersecurity - Newsroom?,"Newsroom Back to Newsroom home June 2, 2025 How California is Centralizing Public Sector Cybersecurity Why it Matters: Cyber threats dont discriminate. From large state agencies to small-town departments, every public entity is a potential target.",CDT,https://cdt.ca.gov/newsroom/2025/06/how-california-is-centralizing-public-sector-cybersecurity/,general,2025-07-21 18:36:41
What is {topic}?,"Look up state representatives and laws. Access other state data, like lottery numbers, local schools, and voter registration. Popular related services Look up winning lottery numbers Look up winning lottery numbers on the CA Lottery website. See if youre a winner.",CA.gov,https://www.ca.gov/government/,service,2025-07-21 18:36:41
Can you explain {topic}?,"Look up state representatives and laws. Access other state data, like lottery numbers, local schools, and voter registration. Popular related services Look up winning lottery numbers Look up winning lottery numbers on the CA Lottery website. See if youre a winner.",CA.gov,https://www.ca.gov/government/,service,2025-07-21 18:36:41
Tell me about {topic},"Look up state representatives and laws. Access other state data, like lottery numbers, local schools, and voter registration. Popular related services Look up winning lottery numbers Look up winning lottery numbers on the CA Lottery website. See if youre a winner.",CA.gov,https://www.ca.gov/government/,service,2025-07-21 18:36:41
What can you tell me about State info and laws  CA.gov?,"Look up state representatives and laws. Access other state data, like lottery numbers, local schools, and voter registration. Popular related services Look up winning lottery numbers Look up winning lottery numbers on the CA Lottery website. See if youre a winner.",CA.gov,https://www.ca.gov/government/,general,2025-07-21 18:36:41
What is {topic}?,"The California Department of Technology, which runs CA. gov, is committed to promoting and protecting the privacy rights of individuals, as enumerated in Article 1 of the California Constitution, the Information Practices Act of 1977, and other state and federal laws.",CA.gov,https://www.ca.gov/legal/privacy-policy/,service,2025-07-21 18:36:41
Can you explain {topic}?,"The California Department of Technology, which runs CA. gov, is committed to promoting and protecting the privacy rights of individuals, as enumerated in Article 1 of the California Constitution, the Information Practices Act of 1977, and other state and federal laws.",CA.gov,https://www.ca.gov/legal/privacy-policy/,service,2025-07-21 18:36:41
Tell me about {topic},"The California Department of Technology, which runs CA. gov, is committed to promoting and protecting the privacy rights of individuals, as enumerated in Article 1 of the California Constitution, the Information Practices Act of 1977, and other state and federal laws.",CA.gov,https://www.ca.gov/legal/privacy-policy/,service,2025-07-21 18:36:41
What can you tell me about Privacy policy  CA.gov?,"The California Department of Technology, which runs CA. gov, is committed to promoting and protecting the privacy rights of individuals, as enumerated in Article 1 of the California Constitution, the Information Practices Act of 1977, and other state and federal laws.",CA.gov,https://www.ca.gov/legal/privacy-policy/,general,2025-07-21 18:36:41
What is malware?,Cybersecurity Best Practices CISA provides information on cybersecurity best practices to help individuals and organizations implement preventative measures and manage cyber risks.,CISA California,https://www.cisa.gov/topics/cybersecurity-best-practices,incident,2025-07-21 18:36:41
Can you explain incident response?,Cybersecurity Best Practices CISA provides information on cybersecurity best practices to help individuals and organizations implement preventative measures and manage cyber risks.,CISA California,https://www.cisa.gov/topics/cybersecurity-best-practices,incident,2025-07-21 18:36:41
Tell me about cyber threats,Cybersecurity Best Practices CISA provides information on cybersecurity best practices to help individuals and organizations implement preventative measures and manage cyber risks.,CISA California,https://www.cisa.gov/topics/cybersecurity-best-practices,incident,2025-07-21 18:36:41
What can you tell me about Cybersecurity Best Practices  Cybersecurity and Infrastructure Security Agency CISA?,Cybersecurity Best Practices CISA provides information on cybersecurity best practices to help individuals and organizations implement preventative measures and manage cyber risks.,CISA California,https://www.cisa.gov/topics/cybersecurity-best-practices,general,2025-07-21 18:36:41
What is vulnerability assessment?,School Safety There is no more important institution to the future prosperity and strength of the United States than our nations K12 education system.,CISA California,https://www.cisa.gov/topics/physical-security/school-safety,service,2025-07-21 18:36:41
Can you explain vulnerability assessment?,School Safety There is no more important institution to the future prosperity and strength of the United States than our nations K12 education system.,CISA California,https://www.cisa.gov/topics/physical-security/school-safety,service,2025-07-21 18:36:41
Tell me about cybersecurity,School Safety There is no more important institution to the future prosperity and strength of the United States than our nations K12 education system.,CISA California,https://www.cisa.gov/topics/physical-security/school-safety,service,2025-07-21 18:36:41
What can you tell me about School Safety  Cybersecurity and Infrastructure Security Agency CISA?,School Safety There is no more important institution to the future prosperity and strength of the United States than our nations K12 education system.,CISA California,https://www.cisa.gov/topics/physical-security/school-safety,general,2025-07-21 18:36:41
What is cybersecurity?,Protecting Our Future Partnering to Safeguard K-12 Organizations from Cybersecurity Threats Report a Cyber Issue Organizations should report anomalous cyber activity and or cyber incidents 247 to reportcisa. gov or 1-844-Say-CISA.,CISA California,https://www.cisa.gov/protecting-our-future-cybersecurity-k-12,service,2025-07-21 18:36:41
Can you explain incident response?,Protecting Our Future Partnering to Safeguard K-12 Organizations from Cybersecurity Threats Report a Cyber Issue Organizations should report anomalous cyber activity and or cyber incidents 247 to reportcisa. gov or 1-844-Say-CISA.,CISA California,https://www.cisa.gov/protecting-our-future-cybersecurity-k-12,service,2025-07-21 18:36:41
Tell me about cybersecurity,Protecting Our Future Partnering to Safeguard K-12 Organizations from Cybersecurity Threats Report a Cyber Issue Organizations should report anomalous cyber activity and or cyber incidents 247 to reportcisa. gov or 1-844-Say-CISA.,CISA California,https://www.cisa.gov/protecting-our-future-cybersecurity-k-12,service,2025-07-21 18:36:41
What can you tell me about Protecting Our Future: Cybersecurity for K-12  CISA?,Protecting Our Future Partnering to Safeguard K-12 Organizations from Cybersecurity Threats Report a Cyber Issue Organizations should report anomalous cyber activity and or cyber incidents 247 to reportcisa. gov or 1-844-Say-CISA.,CISA California,https://www.cisa.gov/protecting-our-future-cybersecurity-k-12,general,2025-07-21 18:36:41
What is Cal-CSIC?,Cal-CSIC (California Cybersecurity Integration Center) is California's primary cybersecurity coordination center that helps protect the state's critical infrastructure and supports cybersecurity efforts across government and private sectors.,General,N/A,general,2025-07-21 18:36:41
How do I report a cybersecurity incident in California?,"You can report cybersecurity incidents to Cal-CSIC through their incident reporting system, or contact CalOES for critical infrastructure incidents. They provide 24/7 support for cybersecurity emergencies.",General,N/A,incident,2025-07-21 18:36:41
What cybersecurity resources does California provide for businesses?,"California provides various cybersecurity resources including threat intelligence, security assessments, training programs, and incident response support through agencies like CalOES and CDT.",General,N/A,service,2025-07-21 18:36:41
